
-- *** STRUCTURE: `tbl_fields_author` ***
DROP TABLE IF EXISTS `tbl_fields_author`;
CREATE TABLE `tbl_fields_author` (
  `id` int(11) unsigned NOT NULL AUTO_INCREMENT,
  `field_id` int(11) unsigned NOT NULL,
  `allow_author_change` enum('yes','no') NOT NULL,
  `allow_multiple_selection` enum('yes','no') NOT NULL DEFAULT 'no',
  `default_to_current_user` enum('yes','no') NOT NULL,
  PRIMARY KEY (`id`),
  UNIQUE KEY `field_id` (`field_id`)
) ENGINE=MyISAM DEFAULT CHARSET=utf8;

-- *** DATA: `tbl_fields_author` ***

-- *** STRUCTURE: `tbl_fields_checkbox` ***
DROP TABLE IF EXISTS `tbl_fields_checkbox`;
CREATE TABLE `tbl_fields_checkbox` (
  `id` int(11) unsigned NOT NULL AUTO_INCREMENT,
  `field_id` int(11) unsigned NOT NULL,
  `default_state` enum('on','off') NOT NULL DEFAULT 'on',
  `description` varchar(255) DEFAULT NULL,
  PRIMARY KEY (`id`),
  KEY `field_id` (`field_id`)
) ENGINE=MyISAM DEFAULT CHARSET=utf8;

-- *** DATA: `tbl_fields_checkbox` ***

-- *** STRUCTURE: `tbl_fields_date` ***
DROP TABLE IF EXISTS `tbl_fields_date`;
CREATE TABLE `tbl_fields_date` (
  `id` int(11) unsigned NOT NULL AUTO_INCREMENT,
  `field_id` int(11) unsigned NOT NULL,
  `pre_populate` enum('yes','no') NOT NULL DEFAULT 'no',
  PRIMARY KEY (`id`),
  KEY `field_id` (`field_id`)
) ENGINE=MyISAM AUTO_INCREMENT=2 DEFAULT CHARSET=utf8;

-- *** DATA: `tbl_fields_date` ***
INSERT INTO `tbl_fields_date` (`id`, `field_id`, `pre_populate`) VALUES (1, 10, 'yes');

-- *** STRUCTURE: `tbl_fields_input` ***
DROP TABLE IF EXISTS `tbl_fields_input`;
CREATE TABLE `tbl_fields_input` (
  `id` int(11) unsigned NOT NULL AUTO_INCREMENT,
  `field_id` int(11) unsigned NOT NULL,
  `validator` varchar(255) DEFAULT NULL,
  PRIMARY KEY (`id`),
  KEY `field_id` (`field_id`)
) ENGINE=MyISAM AUTO_INCREMENT=6 DEFAULT CHARSET=utf8;

-- *** DATA: `tbl_fields_input` ***
INSERT INTO `tbl_fields_input` (`id`, `field_id`, `validator`) VALUES (1, 1, NULL);
INSERT INTO `tbl_fields_input` (`id`, `field_id`, `validator`) VALUES (2, 2, NULL);
INSERT INTO `tbl_fields_input` (`id`, `field_id`, `validator`) VALUES (3, 3, NULL);
INSERT INTO `tbl_fields_input` (`id`, `field_id`, `validator`) VALUES (4, 4, NULL);
INSERT INTO `tbl_fields_input` (`id`, `field_id`, `validator`) VALUES (5, 8, NULL);

-- *** STRUCTURE: `tbl_fields_memberactivation` ***
DROP TABLE IF EXISTS `tbl_fields_memberactivation`;
CREATE TABLE `tbl_fields_memberactivation` (
  `id` int(11) unsigned NOT NULL AUTO_INCREMENT,
  `field_id` int(11) unsigned NOT NULL,
  `code_expiry` varchar(50) COLLATE utf8_unicode_ci NOT NULL,
  `activation_role_id` int(11) unsigned NOT NULL,
  `deny_login` enum('yes','no') COLLATE utf8_unicode_ci NOT NULL DEFAULT 'yes',
  PRIMARY KEY (`id`),
  UNIQUE KEY `field_id` (`field_id`)
) ENGINE=MyISAM AUTO_INCREMENT=2 DEFAULT CHARSET=utf8 COLLATE=utf8_unicode_ci;

-- *** DATA: `tbl_fields_memberactivation` ***
INSERT INTO `tbl_fields_memberactivation` (`id`, `field_id`, `code_expiry`, `activation_role_id`, `deny_login`) VALUES (1, 7, '3 hours', 1, 'no');

-- *** STRUCTURE: `tbl_fields_memberemail` ***
DROP TABLE IF EXISTS `tbl_fields_memberemail`;
CREATE TABLE `tbl_fields_memberemail` (
  `id` int(11) unsigned NOT NULL AUTO_INCREMENT,
  `field_id` int(11) unsigned NOT NULL,
  PRIMARY KEY (`id`),
  UNIQUE KEY `field_id` (`field_id`)
) ENGINE=MyISAM AUTO_INCREMENT=2 DEFAULT CHARSET=utf8 COLLATE=utf8_unicode_ci;

-- *** DATA: `tbl_fields_memberemail` ***
INSERT INTO `tbl_fields_memberemail` (`id`, `field_id`) VALUES (1, 5);

-- *** STRUCTURE: `tbl_fields_memberpassword` ***
DROP TABLE IF EXISTS `tbl_fields_memberpassword`;
CREATE TABLE `tbl_fields_memberpassword` (
  `id` int(11) unsigned NOT NULL AUTO_INCREMENT,
  `field_id` int(11) unsigned NOT NULL,
  `length` tinyint(2) NOT NULL,
  `strength` enum('weak','good','strong') COLLATE utf8_unicode_ci NOT NULL,
  `salt` varchar(255) COLLATE utf8_unicode_ci DEFAULT NULL,
  `code_expiry` varchar(50) COLLATE utf8_unicode_ci NOT NULL,
  PRIMARY KEY (`id`),
  UNIQUE KEY `field_id` (`field_id`)
) ENGINE=MyISAM AUTO_INCREMENT=2 DEFAULT CHARSET=utf8 COLLATE=utf8_unicode_ci;

-- *** DATA: `tbl_fields_memberpassword` ***
INSERT INTO `tbl_fields_memberpassword` (`id`, `field_id`, `length`, `strength`, `salt`, `code_expiry`) VALUES (1, 6, 8, 'good', 'kv235l2KL@JV#Rkj3v253kv55662f3@$}{', '24 hours');

-- *** STRUCTURE: `tbl_fields_memberrole` ***
DROP TABLE IF EXISTS `tbl_fields_memberrole`;
CREATE TABLE `tbl_fields_memberrole` (
  `id` int(11) unsigned NOT NULL AUTO_INCREMENT,
  `field_id` int(11) unsigned NOT NULL,
  `default_role` int(11) unsigned NOT NULL,
  PRIMARY KEY (`id`),
  UNIQUE KEY `field_id` (`field_id`)
) ENGINE=MyISAM AUTO_INCREMENT=2 DEFAULT CHARSET=utf8 COLLATE=utf8_unicode_ci;

-- *** DATA: `tbl_fields_memberrole` ***
INSERT INTO `tbl_fields_memberrole` (`id`, `field_id`, `default_role`) VALUES (1, 9, 1);

-- *** STRUCTURE: `tbl_fields_select` ***
DROP TABLE IF EXISTS `tbl_fields_select`;
CREATE TABLE `tbl_fields_select` (
  `id` int(11) unsigned NOT NULL AUTO_INCREMENT,
  `field_id` int(11) unsigned NOT NULL,
  `allow_multiple_selection` enum('yes','no') NOT NULL DEFAULT 'no',
  `show_association` enum('yes','no') NOT NULL DEFAULT 'yes',
  `sort_options` enum('yes','no') NOT NULL DEFAULT 'no',
  `static_options` text,
  `dynamic_options` int(11) unsigned DEFAULT NULL,
  PRIMARY KEY (`id`),
  KEY `field_id` (`field_id`)
) ENGINE=MyISAM DEFAULT CHARSET=utf8;

-- *** DATA: `tbl_fields_select` ***

-- *** STRUCTURE: `tbl_fields_selectbox_link` ***
DROP TABLE IF EXISTS `tbl_fields_selectbox_link`;
CREATE TABLE `tbl_fields_selectbox_link` (
  `id` int(11) unsigned NOT NULL AUTO_INCREMENT,
  `field_id` int(11) unsigned NOT NULL,
  `allow_multiple_selection` enum('yes','no') NOT NULL DEFAULT 'no',
  `show_association` enum('yes','no') NOT NULL DEFAULT 'yes',
  `related_field_id` varchar(255) NOT NULL,
  `limit` int(4) unsigned NOT NULL DEFAULT '20',
  PRIMARY KEY (`id`),
  KEY `field_id` (`field_id`)
) ENGINE=MyISAM DEFAULT CHARSET=utf8;

-- *** DATA: `tbl_fields_selectbox_link` ***

-- *** STRUCTURE: `tbl_fields_taglist` ***
DROP TABLE IF EXISTS `tbl_fields_taglist`;
CREATE TABLE `tbl_fields_taglist` (
  `id` int(11) unsigned NOT NULL AUTO_INCREMENT,
  `field_id` int(11) unsigned NOT NULL,
  `validator` varchar(255) DEFAULT NULL,
  `pre_populate_source` varchar(15) DEFAULT NULL,
  PRIMARY KEY (`id`),
  KEY `field_id` (`field_id`),
  KEY `pre_populate_source` (`pre_populate_source`)
) ENGINE=MyISAM DEFAULT CHARSET=utf8;

-- *** DATA: `tbl_fields_taglist` ***

-- *** STRUCTURE: `tbl_fields_textarea` ***
DROP TABLE IF EXISTS `tbl_fields_textarea`;
CREATE TABLE `tbl_fields_textarea` (
  `id` int(11) unsigned NOT NULL AUTO_INCREMENT,
  `field_id` int(11) unsigned NOT NULL,
  `formatter` varchar(100) DEFAULT NULL,
  `size` int(3) unsigned NOT NULL,
  PRIMARY KEY (`id`),
  KEY `field_id` (`field_id`)
) ENGINE=MyISAM DEFAULT CHARSET=utf8;

-- *** DATA: `tbl_fields_textarea` ***

-- *** STRUCTURE: `tbl_fields_upload` ***
DROP TABLE IF EXISTS `tbl_fields_upload`;
CREATE TABLE `tbl_fields_upload` (
  `id` int(11) unsigned NOT NULL AUTO_INCREMENT,
  `field_id` int(11) unsigned NOT NULL,
  `destination` varchar(255) NOT NULL,
  `validator` varchar(255) DEFAULT NULL,
  PRIMARY KEY (`id`),
  KEY `field_id` (`field_id`)
) ENGINE=MyISAM DEFAULT CHARSET=utf8;

-- *** DATA: `tbl_fields_upload` ***

-- *** STRUCTURE: `tbl_entries_data_1` ***
DROP TABLE IF EXISTS `tbl_entries_data_1`;
CREATE TABLE `tbl_entries_data_1` (
  `id` int(11) unsigned NOT NULL AUTO_INCREMENT,
  `entry_id` int(11) unsigned NOT NULL,
  `handle` varchar(255) DEFAULT NULL,
  `value` varchar(255) DEFAULT NULL,
  PRIMARY KEY (`id`),
  UNIQUE KEY `entry_id` (`entry_id`),
  KEY `handle` (`handle`),
  KEY `value` (`value`)
) ENGINE=MyISAM DEFAULT CHARSET=latin1;

-- *** DATA: `tbl_entries_data_1` ***

-- *** STRUCTURE: `tbl_entries_data_10` ***
DROP TABLE IF EXISTS `tbl_entries_data_10`;
CREATE TABLE `tbl_entries_data_10` (
  `id` int(11) unsigned NOT NULL AUTO_INCREMENT,
  `entry_id` int(11) unsigned NOT NULL,
  `value` varchar(80) DEFAULT NULL,
  `local` int(11) DEFAULT NULL,
  `gmt` int(11) DEFAULT NULL,
  PRIMARY KEY (`id`),
  UNIQUE KEY `entry_id` (`entry_id`),
  KEY `value` (`value`)
) ENGINE=MyISAM DEFAULT CHARSET=latin1;

-- *** DATA: `tbl_entries_data_10` ***

-- *** STRUCTURE: `tbl_entries_data_2` ***
DROP TABLE IF EXISTS `tbl_entries_data_2`;
CREATE TABLE `tbl_entries_data_2` (
  `id` int(11) unsigned NOT NULL AUTO_INCREMENT,
  `entry_id` int(11) unsigned NOT NULL,
  `handle` varchar(255) DEFAULT NULL,
  `value` varchar(255) DEFAULT NULL,
  PRIMARY KEY (`id`),
  UNIQUE KEY `entry_id` (`entry_id`),
  KEY `handle` (`handle`),
  KEY `value` (`value`)
) ENGINE=MyISAM DEFAULT CHARSET=latin1;

-- *** DATA: `tbl_entries_data_2` ***

-- *** STRUCTURE: `tbl_entries_data_3` ***
DROP TABLE IF EXISTS `tbl_entries_data_3`;
CREATE TABLE `tbl_entries_data_3` (
  `id` int(11) unsigned NOT NULL AUTO_INCREMENT,
  `entry_id` int(11) unsigned NOT NULL,
  `handle` varchar(255) DEFAULT NULL,
  `value` varchar(255) DEFAULT NULL,
  PRIMARY KEY (`id`),
  UNIQUE KEY `entry_id` (`entry_id`),
  KEY `handle` (`handle`),
  KEY `value` (`value`)
) ENGINE=MyISAM DEFAULT CHARSET=latin1;

-- *** DATA: `tbl_entries_data_3` ***

-- *** STRUCTURE: `tbl_entries_data_4` ***
DROP TABLE IF EXISTS `tbl_entries_data_4`;
CREATE TABLE `tbl_entries_data_4` (
  `id` int(11) unsigned NOT NULL AUTO_INCREMENT,
  `entry_id` int(11) unsigned NOT NULL,
  `handle` varchar(255) DEFAULT NULL,
  `value` varchar(255) DEFAULT NULL,
  PRIMARY KEY (`id`),
  UNIQUE KEY `entry_id` (`entry_id`),
  KEY `handle` (`handle`),
  KEY `value` (`value`)
) ENGINE=MyISAM DEFAULT CHARSET=latin1;

-- *** DATA: `tbl_entries_data_4` ***

-- *** STRUCTURE: `tbl_entries_data_5` ***
DROP TABLE IF EXISTS `tbl_entries_data_5`;
CREATE TABLE `tbl_entries_data_5` (
  `id` int(11) unsigned NOT NULL AUTO_INCREMENT,
  `entry_id` int(11) unsigned NOT NULL,
  `value` varchar(255) COLLATE utf8_unicode_ci DEFAULT NULL,
  PRIMARY KEY (`id`),
  UNIQUE KEY `value` (`value`),
  KEY `entry_id` (`entry_id`)
) ENGINE=MyISAM DEFAULT CHARSET=utf8 COLLATE=utf8_unicode_ci;

-- *** DATA: `tbl_entries_data_5` ***

-- *** STRUCTURE: `tbl_entries_data_6` ***
DROP TABLE IF EXISTS `tbl_entries_data_6`;
CREATE TABLE `tbl_entries_data_6` (
  `id` int(11) unsigned NOT NULL AUTO_INCREMENT,
  `entry_id` int(11) unsigned NOT NULL,
  `password` varchar(40) COLLATE utf8_unicode_ci DEFAULT NULL,
  `recovery-code` varchar(40) COLLATE utf8_unicode_ci DEFAULT NULL,
  `length` tinyint(2) NOT NULL,
  `strength` enum('weak','good','strong') COLLATE utf8_unicode_ci NOT NULL,
  `reset` enum('yes','no') COLLATE utf8_unicode_ci DEFAULT 'no',
  `expires` datetime DEFAULT NULL,
  PRIMARY KEY (`id`),
  UNIQUE KEY `recovery-code` (`recovery-code`),
  KEY `entry_id` (`entry_id`),
  KEY `length` (`length`),
  KEY `password` (`password`),
  KEY `expires` (`expires`)
) ENGINE=MyISAM DEFAULT CHARSET=utf8 COLLATE=utf8_unicode_ci;

-- *** DATA: `tbl_entries_data_6` ***

-- *** STRUCTURE: `tbl_entries_data_7` ***
DROP TABLE IF EXISTS `tbl_entries_data_7`;
CREATE TABLE `tbl_entries_data_7` (
  `id` int(11) unsigned NOT NULL AUTO_INCREMENT,
  `entry_id` int(11) unsigned NOT NULL,
  `activated` enum('yes','no') COLLATE utf8_unicode_ci NOT NULL DEFAULT 'no',
  `timestamp` datetime DEFAULT NULL,
  `code` varchar(40) COLLATE utf8_unicode_ci DEFAULT NULL,
  PRIMARY KEY (`id`),
  UNIQUE KEY `code` (`code`),
  KEY `entry_id` (`entry_id`)
) ENGINE=MyISAM DEFAULT CHARSET=utf8 COLLATE=utf8_unicode_ci;

-- *** DATA: `tbl_entries_data_7` ***

-- *** STRUCTURE: `tbl_entries_data_8` ***
DROP TABLE IF EXISTS `tbl_entries_data_8`;
CREATE TABLE `tbl_entries_data_8` (
  `id` int(11) unsigned NOT NULL AUTO_INCREMENT,
  `entry_id` int(11) unsigned NOT NULL,
  `handle` varchar(255) DEFAULT NULL,
  `value` varchar(255) DEFAULT NULL,
  PRIMARY KEY (`id`),
  UNIQUE KEY `entry_id` (`entry_id`),
  KEY `handle` (`handle`),
  KEY `value` (`value`)
) ENGINE=MyISAM DEFAULT CHARSET=latin1;

-- *** DATA: `tbl_entries_data_8` ***

-- *** STRUCTURE: `tbl_entries_data_9` ***
DROP TABLE IF EXISTS `tbl_entries_data_9`;
CREATE TABLE `tbl_entries_data_9` (
  `id` int(11) unsigned NOT NULL AUTO_INCREMENT,
  `entry_id` int(11) unsigned NOT NULL,
  `role_id` int(11) unsigned NOT NULL,
  PRIMARY KEY (`id`),
  UNIQUE KEY `entry_id` (`entry_id`)
) ENGINE=MyISAM DEFAULT CHARSET=utf8 COLLATE=utf8_unicode_ci;

-- *** DATA: `tbl_entries_data_9` ***

-- *** DATA: `tbl_entries` ***

-- *** DATA: `tbl_extensions` ***
INSERT INTO `tbl_extensions` (`id`, `name`, `status`, `version`) VALUES (1, 'xssfilter', 'enabled', 1.1);
INSERT INTO `tbl_extensions` (`id`, `name`, `status`, `version`) VALUES (2, 'debugdevkit', 'enabled', '1.2.1');
INSERT INTO `tbl_extensions` (`id`, `name`, `status`, `version`) VALUES (3, 'export_ensemble', 'enabled', 1.16);
INSERT INTO `tbl_extensions` (`id`, `name`, `status`, `version`) VALUES (4, 'selectbox_link_field', 'enabled', 1.21);
INSERT INTO `tbl_extensions` (`id`, `name`, `status`, `version`) VALUES (5, 'jit_image_manipulation', 'enabled', 1.13);
INSERT INTO `tbl_extensions` (`id`, `name`, `status`, `version`) VALUES (6, 'maintenance_mode', 'enabled', 1.5);
INSERT INTO `tbl_extensions` (`id`, `name`, `status`, `version`) VALUES (7, 'profiledevkit', 'enabled', '1.0.4');
INSERT INTO `tbl_extensions` (`id`, `name`, `status`, `version`) VALUES (8, 'markdown', 'enabled', 1.13);
INSERT INTO `tbl_extensions` (`id`, `name`, `status`, `version`) VALUES (9, 'members', 'enabled', '1.1.1');

-- *** DATA: `tbl_extensions_delegates` ***
INSERT INTO `tbl_extensions_delegates` (`id`, `extension_id`, `page`, `delegate`, `callback`) VALUES (19, 1, '/blueprints/events/edit/', 'AppendEventFilter', 'appendEventFilter');
INSERT INTO `tbl_extensions_delegates` (`id`, `extension_id`, `page`, `delegate`, `callback`) VALUES (18, 1, '/blueprints/events/new/', 'AppendEventFilter', 'appendEventFilter');
INSERT INTO `tbl_extensions_delegates` (`id`, `extension_id`, `page`, `delegate`, `callback`) VALUES (22, 2, '/frontend/', 'ManipulateDevKitNavigation', 'manipulateDevKitNavigation');
INSERT INTO `tbl_extensions_delegates` (`id`, `extension_id`, `page`, `delegate`, `callback`) VALUES (21, 2, '/frontend/', 'FrontendDevKitResolve', 'frontendDevKitResolve');
INSERT INTO `tbl_extensions_delegates` (`id`, `extension_id`, `page`, `delegate`, `callback`) VALUES (23, 3, '/system/preferences/', 'AddCustomPreferenceFieldsets', 'appendPreferences');
INSERT INTO `tbl_extensions_delegates` (`id`, `extension_id`, `page`, `delegate`, `callback`) VALUES (24, 5, '/system/preferences/', 'AddCustomPreferenceFieldsets', 'appendPreferences');
INSERT INTO `tbl_extensions_delegates` (`id`, `extension_id`, `page`, `delegate`, `callback`) VALUES (30, 6, '/blueprints/pages/', 'AppendPageContent', '__appendType');
INSERT INTO `tbl_extensions_delegates` (`id`, `extension_id`, `page`, `delegate`, `callback`) VALUES (29, 6, '/backend/', 'AppendPageAlert', '__appendAlert');
INSERT INTO `tbl_extensions_delegates` (`id`, `extension_id`, `page`, `delegate`, `callback`) VALUES (28, 6, '/system/preferences/', 'CustomActions', '__toggleMaintenanceMode');
INSERT INTO `tbl_extensions_delegates` (`id`, `extension_id`, `page`, `delegate`, `callback`) VALUES (27, 6, '/system/preferences/', 'Save', '__SavePreferences');
INSERT INTO `tbl_extensions_delegates` (`id`, `extension_id`, `page`, `delegate`, `callback`) VALUES (26, 6, '/system/preferences/', 'AddCustomPreferenceFieldsets', 'appendPreferences');
INSERT INTO `tbl_extensions_delegates` (`id`, `extension_id`, `page`, `delegate`, `callback`) VALUES (44, 7, '/frontend/', 'ManipulateDevKitNavigation', 'manipulateDevKitNavigation');
INSERT INTO `tbl_extensions_delegates` (`id`, `extension_id`, `page`, `delegate`, `callback`) VALUES (43, 7, '/frontend/', 'FrontendDevKitResolve', 'frontendDevKitResolve');
INSERT INTO `tbl_extensions_delegates` (`id`, `extension_id`, `page`, `delegate`, `callback`) VALUES (20, 1, '/frontend/', 'EventPreSaveFilter', 'eventPreSaveFilter');
INSERT INTO `tbl_extensions_delegates` (`id`, `extension_id`, `page`, `delegate`, `callback`) VALUES (25, 5, '/system/preferences/', 'Save', '__SavePreferences');
INSERT INTO `tbl_extensions_delegates` (`id`, `extension_id`, `page`, `delegate`, `callback`) VALUES (31, 6, '/frontend/', 'FrontendPrePageResolve', '__checkForMaintenanceMode');
INSERT INTO `tbl_extensions_delegates` (`id`, `extension_id`, `page`, `delegate`, `callback`) VALUES (32, 6, '/frontend/', 'FrontendParamsResolve', '__addParam');
INSERT INTO `tbl_extensions_delegates` (`id`, `extension_id`, `page`, `delegate`, `callback`) VALUES (33, 9, '/frontend/', 'FrontendPageResolved', 'checkFrontendPagePermissions');
INSERT INTO `tbl_extensions_delegates` (`id`, `extension_id`, `page`, `delegate`, `callback`) VALUES (34, 9, '/frontend/', 'FrontendParamsResolve', 'addMemberDetailsToPageParams');
INSERT INTO `tbl_extensions_delegates` (`id`, `extension_id`, `page`, `delegate`, `callback`) VALUES (35, 9, '/frontend/', 'FrontendProcessEvents', 'appendLoginStatusToEventXML');
INSERT INTO `tbl_extensions_delegates` (`id`, `extension_id`, `page`, `delegate`, `callback`) VALUES (36, 9, '/frontend/', 'EventPreSaveFilter', 'checkEventPermissions');
INSERT INTO `tbl_extensions_delegates` (`id`, `extension_id`, `page`, `delegate`, `callback`) VALUES (37, 9, '/frontend/', 'EventPostSaveFilter', 'processPostSaveFilter');
INSERT INTO `tbl_extensions_delegates` (`id`, `extension_id`, `page`, `delegate`, `callback`) VALUES (38, 9, '/backend/', 'AdminPagePreGenerate', 'appendAssets');
INSERT INTO `tbl_extensions_delegates` (`id`, `extension_id`, `page`, `delegate`, `callback`) VALUES (39, 9, '/system/preferences/', 'AddCustomPreferenceFieldsets', 'appendPreferences');
INSERT INTO `tbl_extensions_delegates` (`id`, `extension_id`, `page`, `delegate`, `callback`) VALUES (40, 9, '/system/preferences/', 'Save', 'savePreferences');
INSERT INTO `tbl_extensions_delegates` (`id`, `extension_id`, `page`, `delegate`, `callback`) VALUES (41, 9, '/blueprints/events/new/', 'AppendEventFilter', 'appendFilter');
INSERT INTO `tbl_extensions_delegates` (`id`, `extension_id`, `page`, `delegate`, `callback`) VALUES (42, 9, '/blueprints/events/edit/', 'AppendEventFilter', 'appendFilter');

-- *** DATA: `tbl_fields` ***
INSERT INTO `tbl_fields` (`id`, `label`, `element_name`, `type`, `parent_section`, `required`, `sortorder`, `location`, `show_column`) VALUES (1, 'Full name', 'full-name', 'input', 1, 'no', 0, 'main', 'yes');
INSERT INTO `tbl_fields` (`id`, `label`, `element_name`, `type`, `parent_section`, `required`, `sortorder`, `location`, `show_column`) VALUES (2, 'First name', 'first-name', 'input', 1, 'no', 1, 'main', 'yes');
INSERT INTO `tbl_fields` (`id`, `label`, `element_name`, `type`, `parent_section`, `required`, `sortorder`, `location`, `show_column`) VALUES (3, 'Middle name', 'middle-name', 'input', 1, 'no', 2, 'main', 'yes');
INSERT INTO `tbl_fields` (`id`, `label`, `element_name`, `type`, `parent_section`, `required`, `sortorder`, `location`, `show_column`) VALUES (4, 'Last name', 'last-name', 'input', 1, 'no', 3, 'main', 'yes');
INSERT INTO `tbl_fields` (`id`, `label`, `element_name`, `type`, `parent_section`, `required`, `sortorder`, `location`, `show_column`) VALUES (5, 'Email', 'email', 'memberemail', 1, 'yes', 4, 'main', 'yes');
INSERT INTO `tbl_fields` (`id`, `label`, `element_name`, `type`, `parent_section`, `required`, `sortorder`, `location`, `show_column`) VALUES (6, 'Password', 'password', 'memberpassword', 1, 'yes', 5, 'sidebar', 'no');
INSERT INTO `tbl_fields` (`id`, `label`, `element_name`, `type`, `parent_section`, `required`, `sortorder`, `location`, `show_column`) VALUES (7, 'Activation', 'activation', 'memberactivation', 1, 'no', 6, 'sidebar', 'yes');
INSERT INTO `tbl_fields` (`id`, `label`, `element_name`, `type`, `parent_section`, `required`, `sortorder`, `location`, `show_column`) VALUES (8, 'Gender', 'gender', 'input', 1, 'no', 7, 'sidebar', 'yes');
INSERT INTO `tbl_fields` (`id`, `label`, `element_name`, `type`, `parent_section`, `required`, `sortorder`, `location`, `show_column`) VALUES (9, 'Role', 'role', 'memberrole', 1, 'yes', 8, 'sidebar', 'yes');
INSERT INTO `tbl_fields` (`id`, `label`, `element_name`, `type`, `parent_section`, `required`, `sortorder`, `location`, `show_column`) VALUES (10, 'Date created', 'date-created', 'date', 1, 'no', 9, 'sidebar', 'yes');

-- *** DATA: `tbl_members_roles` ***
INSERT INTO `tbl_members_roles` (`id`, `name`, `handle`) VALUES (1, 'Public', 'public');

-- *** DATA: `tbl_members_roles_event_permissions` ***

-- *** DATA: `tbl_members_roles_forbidden_pages` ***

-- *** DATA: `tbl_pages` ***

-- *** DATA: `tbl_pages_types` ***

-- *** DATA: `tbl_sections` ***
INSERT INTO `tbl_sections` (`id`, `name`, `handle`, `sortorder`, `entry_order`, `entry_order_direction`, `hidden`, `navigation_group`) VALUES (1, 'Members', 'members', 1, NULL, 'asc', 'no', 'Content');

-- *** DATA: `tbl_sections_association` ***
